jaar,EBITDA-marge,Operationele marge,Winstmarge
2012,0.107944279,0.080477356,0.059873521
2013,0.114520029,0.085349471,0.061296555
2014,0.09673847,0.070970123,0.052775099
2015,0.083763653,0.057245891,0.038261477
2016,0.102216816,0.073848472,0.056355417
