jaar,Return on Equity,Return on Assets
2012,0.193210138,0.128165939
2013,0.191013476,0.137545935
2014,0.155563356,0.111958773
2015,0.124565879,0.081697238
2016,0.17367464,0.11384559
